UID,p_HT
U0001,0.866898685693741
U0002,0.833415597677231
U0003,0.062729224562645
U0004,0.677335321903229
U0006,0.117874309420586
U0013,0.611204206943512
U0014,0.712874233722687
U0016,0.261767670512199
U0018,0.0569893009960651
U0019,0.611706644296646
